id,first_name,last_name,email,gender,ip_address
1,Theresina,Lilburn,tlilburn0@shutterfly.com,Female,231.196.246.171
2,Kristel,Castagno,kcastagno1@telegraph.co.uk,Female,87.161.215.198
3,Tobey,Josse,tjosse2@t.co,Female,7.33.182.92
4,Urban,Areles,uareles3@npr.org,Male,137.182.168.194
5,Nial,Dignum,ndignum4@sina.com.cn,Male,95.172.160.35
6,Suzann,Gothliff,sgothliff5@foxnews.com,Female,27.11.74.38
7,Roberto,Tackle,rtackle6@issuu.com,Male,125.236.4.104
8,Muffin,Mizen,mmizen7@networksolutions.com,Female,29.152.58.166
9,Pepito,Tallant,ptallant8@ow.ly,Male,187.72.159.113
10,Torry,Petherick,tpetherick9@photobucket.com,Male,167.170.37.137
11,Eduard,Curro,ecurroa@java.com,Male,7.240.90.207
12,Mace,Rasp,mraspb@instagram.com,Male,112.63.124.232
13,Wyatan,Frowen,wfrowenc@rambler.ru,Male,194.123.135.198
14,Winny,Oldroyde,woldroyded@squidoo.com,Male,32.19.7.21
15,Renault,Rosindill,rrosindille@godaddy.com,Male,227.39.83.116
16,Salomo,Kinleyside,skinleysidef@ameblo.jp,Male,125.97.192.89
17,Alica,Ferrey,aferreyg@printfriendly.com,Female,97.106.220.149
18,Shannon,Beentjes,sbeentjesh@bizjournals.com,Female,52.66.56.125
19,Clemence,Yesinin,cyesinini@soup.io,Female,68.255.38.86
20,Christel,Wardall,cwardallj@hostgator.com,Female,21.238.245.39
21,Ody,Pottes,opottesk@alexa.com,Male,68.109.238.229
22,Jerad,Burchmore,jburchmorel@ted.com,Male,123.21.10.240
23,Marcello,Shanklin,mshanklinm@npr.org,Male,119.155.73.159
24,Morris,Darrington,mdarringtonn@yandex.ru,Male,231.32.235.170
25,Nat,Fulger,nfulgero@tumblr.com,Male,134.0.74.38
26,Cleopatra,Guy,cguyp@creativecommons.org,Female,99.196.44.40
27,Codi,Edwardes,cedwardesq@vkontakte.ru,Male,231.76.9.184
28,Debi,Veryard,dveryardr@who.int,Female,41.62.53.177
29,Norby,Rentoll,nrentolls@cyberchimps.com,Male,193.16.240.1
30,Tally,Gwalter,tgwaltert@washingtonpost.com,Male,87.149.51.250
31,Jane,Goldstein,jgoldsteinu@51.la,Female,234.29.40.197
32,Hi,Enevoldsen,henevoldsenv@1und1.de,Male,47.251.58.186
33,Carry,Zmitruk,czmitrukw@adobe.com,Female,153.142.121.66
34,Peggi,Romans,promansx@unesco.org,Female,33.5.108.3
35,Cissy,Longfoot,clongfooty@biblegateway.com,Female,200.177.131.75
36,Claudia,Mossom,cmossomz@g.co,Female,162.243.10.217
37,Priscella,Dalwood,pdalwood10@furl.net,Female,51.148.134.242
38,Even,Player,eplayer11@businessinsider.com,Male,103.13.170.157
39,Miguel,Eggerton,meggerton12@theatlantic.com,Male,144.31.92.185
40,Maurise,George,mgeorge13@addthis.com,Female,4.9.181.134
41,Mendy,Vaughten,mvaughten14@hostgator.com,Male,131.117.74.116
42,Everard,Dickon,edickon15@scribd.com,Male,4.112.121.93
43,Morissa,Kempshall,mkempshall16@usa.gov,Female,131.90.97.108
44,Lacie,Dawtre,ldawtre17@va.gov,Female,13.112.50.79
45,Valentine,Stuchburie,vstuchburie18@delicious.com,Male,53.164.200.238
46,Dela,Reinert,dreinert19@yahoo.com,Female,41.240.33.192
47,Griffy,Josephs,gjosephs1a@php.net,Male,196.159.121.71
48,Taite,Rowlson,trowlson1b@vimeo.com,Male,167.182.0.74
49,Hephzibah,Kures,hkures1c@jiathis.com,Female,204.87.188.75
50,Magda,Briance,mbriance1d@hhs.gov,Female,146.248.115.75
51,Rurik,Meagher,rmeagher1e@studiopress.com,Male,56.63.178.222
52,Vanya,Barrat,vbarrat1f@posterous.com,Female,83.6.110.244
53,Oswell,Tongue,otongue1g@spotify.com,Male,91.222.109.217
54,Veradis,de Grey,vdegrey1h@umich.edu,Female,88.145.195.53
55,Cher,Veale,cveale1i@tiny.cc,Female,235.91.45.61
56,Gabby,Banner,gbanner1j@icio.us,Male,143.96.237.15
57,Helaine,Gettone,hgettone1k@1688.com,Female,246.78.94.3
58,Dur,Boij,dboij1l@macromedia.com,Male,20.97.96.90
59,Marchelle,Grioli,mgrioli1m@weebly.com,Female,67.119.161.88
60,Dewitt,Frere,dfrere1n@google.ca,Male,32.77.172.133
61,Prudence,Bickford,pbickford1o@blogspot.com,Female,185.78.149.44
62,Hershel,O'Hickee,hohickee1p@gov.uk,Male,161.220.198.41
63,Selia,Leggs,sleggs1q@businessweek.com,Female,70.249.72.209
64,Sherlock,Grunson,sgrunson1r@instagram.com,Male,79.42.142.136
65,Annemarie,Kiehne,akiehne1s@cornell.edu,Female,154.136.52.205
66,Tonia,Mcwhinney,tmcwhinney1t@wufoo.com,Female,166.218.53.101
67,Rae,Tellenbrok,rtellenbrok1u@fotki.com,Female,122.177.107.234
68,Niki,Lagen,nlagen1v@printfriendly.com,Female,146.8.71.174
69,Tab,Ronan,tronan1w@shareasale.com,Male,21.168.165.165
70,Babita,Dagon,bdagon1x@google.de,Female,73.74.243.45
71,Gaylor,Bragginton,gbragginton1y@simplemachines.org,Male,51.144.200.82
72,Joelie,Dreigher,jdreigher1z@opera.com,Female,205.112.82.159
73,Natal,Lefridge,nlefridge20@toplist.cz,Male,74.164.237.214
74,Lin,Podbury,lpodbury21@gravatar.com,Male,159.44.192.109
75,Griselda,Desseine,gdesseine22@china.com.cn,Female,121.87.172.249
76,Norbie,Hall,nhall23@nymag.com,Male,220.237.8.148
77,Alic,Gheorghe,agheorghe24@scribd.com,Male,161.155.244.166
78,Goddard,Wrigglesworth,gwrigglesworth25@google.pl,Male,79.184.250.134
79,Aurora,Vevers,avevers26@reference.com,Female,158.132.118.230
80,Myles,Petrov,mpetrov27@bravesites.com,Male,138.84.86.95
81,Kala,Bateup,kbateup28@engadget.com,Female,121.35.249.220
82,Helaine,Howgate,hhowgate29@indiegogo.com,Female,75.127.120.185
83,Francoise,Dober,fdober2a@cbc.ca,Female,44.2.56.199
84,Nils,Lockier,nlockier2b@mysql.com,Male,84.66.79.124
85,Toni,Vahey,tvahey2c@usda.gov,Female,126.137.51.20
86,Cortie,Geertsen,cgeertsen2d@dagondesign.com,Male,84.60.113.63
87,Antonietta,Birkmyre,abirkmyre2e@hud.gov,Female,226.65.164.244
88,Torry,Scholer,tscholer2f@statcounter.com,Male,28.197.226.176
89,Margarete,Ollin,mollin2g@deviantart.com,Female,239.93.85.76
90,Maddi,Smooth,msmooth2h@weibo.com,Female,54.52.170.27
91,Micky,Nurdin,mnurdin2i@seesaa.net,Male,76.90.220.106
92,Oswald,Lenaghen,olenaghen2j@blogs.com,Male,232.103.165.14
93,Helena,Iacofo,hiacofo2k@reverbnation.com,Female,93.124.60.193
94,Audrye,Ridgway,aridgway2l@topsy.com,Female,167.201.82.39
95,Malorie,Trumpeter,mtrumpeter2m@bing.com,Female,242.127.55.246
96,Aubert,Bener,abener2n@ftc.gov,Male,230.51.255.29
97,Toiboid,Venditto,tvenditto2o@blinklist.com,Male,220.161.182.131
98,Janelle,Manilo,jmanilo2p@godaddy.com,Female,213.147.13.188
99,Oren,Yukhnevich,oyukhnevich2q@joomla.org,Male,89.191.57.135
100,Aurea,Tattoo,atattoo2r@plala.or.jp,Female,8.2.217.188
